"title","store_id"
"Chamber Italian",1
"Chamber Italian",2
"Grosse Wonderful",1
"Grosse Wonderful",2
"Airport Pollock",1
"Airport Pollock",2
"Bright Encounters",1
"Bright Encounters",2
"Academy Dinosaur",1
"Academy Dinosaur",2
"Ace Goldfinger",1
"Ace Goldfinger",2
"Adaptation Holes",1
"Adaptation Holes",2
"Affair Prejudice",1
"Affair Prejudice",2
"African Egg",1
"African Egg",2
"Agent Truman",1
"Agent Truman",2
"Airplane Sierra",1
"Airplane Sierra",2
"Alabama Devil",1
"Alabama Devil",2
"Aladdin Calendar",1
"Aladdin Calendar",2
"Alamo Videotape",1
"Alamo Videotape",2
"Alaska Phantom",1
"Alaska Phantom",2
"Date Speed",1
"Date Speed",2
"Ali Forever",1
"Ali Forever",2
"Alice Fantasia",1
"Alice Fantasia",2
"Alien Center",1
"Alien Center",2
"Alley Evolution",1
"Alley Evolution",2
"Alone Trip",1
"Alone Trip",2
"Alter Victory",1
"Alter Victory",2
"Amadeus Holy",1
"Amadeus Holy",2
"Amelie Hellfighters",1
"Amelie Hellfighters",2
"American Circus",1
"American Circus",2
"Amistad Midsummer",1
"Amistad Midsummer",2
"Anaconda Confessions",1
"Anaconda Confessions",2
"Analyze Hoosiers",1
"Analyze Hoosiers",2
"Angels Life",1
"Angels Life",2
"Annie Identity",1
"Annie Identity",2
"Anonymous Human",1
"Anonymous Human",2
"Anthem Luke",1
"Anthem Luke",2
"Antitrust Tomatoes",1
"Antitrust Tomatoes",2
"Anything Savannah",1
"Anything Savannah",2
"Apache Divine",1
"Apache Divine",2
"Apocalypse Flamingos",1
"Apocalypse Flamingos",2
"Apollo Teen",1
"Apollo Teen",2
"Arabia Dogma",1
"Arabia Dogma",2
"Arachnophobia Rollercoaster",1
"Arachnophobia Rollercoaster",2
"Argonauts Town",1
"Argonauts Town",2
"Arizona Bang",1
"Arizona Bang",2
"Ark Ridgemont",1
"Ark Ridgemont",2
"Armageddon Lost",1
"Armageddon Lost",2
"Army Flintstones",1
"Army Flintstones",2
"Arsenic Independence",1
"Arsenic Independence",2
"Artist Coldblooded",1
"Artist Coldblooded",2
"Dying Maker",1
"Dying Maker",2
"Atlantis Cause",1
"Atlantis Cause",2
"Attacks Hate",1
"Attacks Hate",2
"Attraction Newton",1
"Attraction Newton",2
"Autumn Crow",1
"Autumn Crow",2
"Baby Hall",1
"Baby Hall",2
"Backlash Undefeated",1
"Backlash Undefeated",2
"Badman Dawn",1
"Badman Dawn",2
"Baked Cleopatra",1
"Baked Cleopatra",2
"Casualties Encino",1
"Casualties Encino",2
"Balloon Homeward",1
"Balloon Homeward",2
"Ballroom Mockingbird",1
"Ballroom Mockingbird",2
"Bang Kwai",1
"Bang Kwai",2
"Banger Pinocchio",1
"Banger Pinocchio",2
"Barbarella Streetcar",1
"Barbarella Streetcar",2
"Barefoot Manchurian",1
"Barefoot Manchurian",2
"Basic Easy",1
"Basic Easy",2
"Beach Heartbreakers",1
"Beach Heartbreakers",2
"Bear Graceland",1
"Bear Graceland",2
"Beast Hunchback",1
"Beast Hunchback",2
"Beauty Grease",1
"Beauty Grease",2
"Bed Highball",1
"Bed Highball",2
"Bedazzled Married",1
"Bedazzled Married",2
"Beethoven Exorcist",1
"Beethoven Exorcist",2
"Behavior Runaway",1
"Behavior Runaway",2
"Beneath Rush",1
"Beneath Rush",2
"Berets Agent",1
"Berets Agent",2
"Betrayed Rear",1
"Betrayed Rear",2
"Beverly Outlaw",1
"Beverly Outlaw",2
"Bikini Borrowers",1
"Bikini Borrowers",2
"Bilko Anonymous",1
"Bilko Anonymous",2
"Bill Others",1
"Bill Others",2
"Bingo Talented",1
"Bingo Talented",2
"Birch Antitrust",1
"Birch Antitrust",2
"Bird Independence",1
"Bird Independence",2
"Birdcage Casper",1
"Birdcage Casper",2
"Birds Perdition",1
"Birds Perdition",2
"Blackout Private",1
"Blackout Private",2
"Blade Polish",1
"Blade Polish",2
"Blanket Beverly",1
"Blanket Beverly",2
"Blindness Gun",1
"Blindness Gun",2
"Blood Argonauts",1
"Blood Argonauts",2
"Blues Instinct",1
"Blues Instinct",2
"Boiled Dares",1
"Boiled Dares",2
"Bonnie Holocaust",1
"Bonnie Holocaust",2
"Boogie Amelie",1
"Boogie Amelie",2
"Boondock Ballroom",1
"Boondock Ballroom",2
"Born Spinal",1
"Born Spinal",2
"Borrowers Bedazzled",1
"Borrowers Bedazzled",2
"Boulevard Mob",1
"Boulevard Mob",2
"Bound Cheaper",1
"Bound Cheaper",2
"Bowfinger Gables",1
"Bowfinger Gables",2
"Brannigan Sunrise",1
"Brannigan Sunrise",2
"Braveheart Human",1
"Braveheart Human",2
"Breakfast Goldfinger",1
"Breakfast Goldfinger",2
"Breaking Home",1
"Breaking Home",2
"Bride Intrigue",1
"Bride Intrigue",2
"Bringing Hysterical",1
"Bringing Hysterical",2
"Brooklyn Desert",1
"Brooklyn Desert",2
"Brotherhood Blanket",1
"Brotherhood Blanket",2
"Bubble Grosse",1
"Bubble Grosse",2
"Bucket Brotherhood",1
"Bucket Brotherhood",2
"Bugsy Song",1
"Bugsy Song",2
"Bull Shawshank",1
"Bull Shawshank",2
"Bulworth Commandments",1
"Bulworth Commandments",2
"Bunch Minds",1
"Bunch Minds",2
"Butch Panther",1
"Butch Panther",2
"Butterfly Chocolat",1
"Butterfly Chocolat",2
"Cabin Flash",1
"Cabin Flash",2
"Caddyshack Jedi",1
"Caddyshack Jedi",2
"Calendar Gunfight",1
"Calendar Gunfight",2
"California Birds",1
"California Birds",2
"Camelot Vacation",1
"Camelot Vacation",2
"Campus Remember",1
"Campus Remember",2
"Candidate Perdition",1
"Candidate Perdition",2
"Candles Grapes",1
"Candles Grapes",2
"Canyon Stock",1
"Canyon Stock",2
"Caper Motions",1
"Caper Motions",2
"Caribbean Liberty",1
"Caribbean Liberty",2
"Carol Texas",1
"Carol Texas",2
"Carrie Bunch",1
"Carrie Bunch",2
"Casablanca Super",1
"Casablanca Super",2
"Casper Dragonfly",1
"Casper Dragonfly",2
"Cassidy Wyoming",1
"Cassidy Wyoming",2
"Cat Coneheads",1
"Cat Coneheads",2
"Catch Amistad",1
"Catch Amistad",2
"Cause Date",1
"Cause Date",2
"Celebrity Horn",1
"Celebrity Horn",2
"Center Dinosaur",1
"Center Dinosaur",2
"Chainsaw Uptown",1
"Chainsaw Uptown",2
"Champion Flatliners",1
"Champion Flatliners",2
"Chance Resurrection",1
"Chance Resurrection",2
"Clash Freddy",1
"Clash Freddy",2
"Chaplin License",1
"Chaplin License",2
"Charade Duffel",1
"Charade Duffel",2
"Chariots Conspiracy",1
"Chariots Conspiracy",2
"Chasing Fight",1
"Chasing Fight",2
"Cheaper Clyde",1
"Cheaper Clyde",2
"Chicago North",1
"Chicago North",2
"Chicken Hellfighters",1
"Chicken Hellfighters",2
"Chill Luck",1
"Chill Luck",2
"Chinatown Gladiator",1
"Chinatown Gladiator",2
"Chisum Behavior",1
"Chisum Behavior",2
"Chitty Lock",1
"Chitty Lock",2
"Chocolat Harry",1
"Chocolat Harry",2
"Chocolate Duck",1
"Chocolate Duck",2
"Christmas Moonshine",1
"Christmas Moonshine",2
"Cider Desire",1
"Cider Desire",2
"Cincinatti Whisperer",1
"Cincinatti Whisperer",2
"Circus Youth",1
"Circus Youth",2
"Citizen Shrek",1
"Citizen Shrek",2
"Cleopatra Devil",1
"Cleopatra Devil",2
"Clerks Angels",1
"Clerks Angels",2
"Clockwork Paradise",1
"Clockwork Paradise",2
"Clones Pinocchio",1
"Clones Pinocchio",2
"Closer Bang",1
"Closer Bang",2
"Club Graffiti",1
"Club Graffiti",2
"Clue Grail",1
"Clue Grail",2
"Clueless Bucket",1
"Clueless Bucket",2
"Clyde Theory",1
"Clyde Theory",2
"Coast Rainbow",1
"Coast Rainbow",2
"Core Suit",1
"Core Suit",2
"Coldblooded Darling",1
"Coldblooded Darling",2
"Color Philadelphia",1
"Color Philadelphia",2
"Coma Head",1
"Coma Head",2
"Comancheros Enemy",1
"Comancheros Enemy",2
"Comforts Rush",1
"Comforts Rush",2
"Command Darling",1
"Command Darling",2
"Commandments Express",1
"Commandments Express",2
"Coneheads Smoochy",1
"Coneheads Smoochy",2
"Confessions Maguire",1
"Confessions Maguire",2
"Confidential Interview",1
"Confidential Interview",2
"Confused Candles",1
"Confused Candles",2
"Congeniality Quest",1
"Congeniality Quest",2
"Connecticut Tramp",1
"Connecticut Tramp",2
"Connection Microcosmos",1
"Connection Microcosmos",2
"Conquerer Nuts",1
"Conquerer Nuts",2
"Conspiracy Spirit",1
"Conspiracy Spirit",2
"Contact Anonymous",1
"Contact Anonymous",2
"Control Anthem",1
"Control Anthem",2
"Conversation Downhill",1
"Conversation Downhill",2
"Cowboy Doom",1
"Cowboy Doom",2
"Craft Outfield",1
"Craft Outfield",2
"Cranes Reservoir",1
"Cranes Reservoir",2
"Crazy Home",1
"Crazy Home",2
"Creatures Shakespeare",1
"Creatures Shakespeare",2
"Creepers Kane",1
"Creepers Kane",2
"Crooked Frogmen",1
"Crooked Frogmen",2
"Crossing Divorce",1
"Crossing Divorce",2
"Crossroads Casualties",1
"Crossroads Casualties",2
"Crow Grease",1
"Crow Grease",2
"Crowds Telemark",1
"Crowds Telemark",2
"Cruelty Unforgiven",1
"Cruelty Unforgiven",2
"Crusade Honey",1
"Crusade Honey",2
"Crystal Breaking",1
"Crystal Breaking",2
"Cupboard Sinners",1
"Cupboard Sinners",2
"Curtain Videotape",1
"Curtain Videotape",2
"Cyclone Family",1
"Cyclone Family",2
"Daddy Pittsburgh",1
"Daddy Pittsburgh",2
"Daisy Menagerie",1
"Daisy Menagerie",2
"Dalmations Sweden",1
"Dalmations Sweden",2
"Dances None",1
"Dances None",2
"Dancing Fever",1
"Dancing Fever",2
"Dangerous Uptown",1
"Dangerous Uptown",2
"Dares Pluto",1
"Dares Pluto",2
"Darkness War",1
"Darkness War",2
"Darko Dorado",1
"Darko Dorado",2
"Darling Breaking",1
"Darling Breaking",2
"Darn Forrester",1
"Darn Forrester",2
"Daughter Madigan",1
"Daughter Madigan",2
"Dawn Pond",1
"Dawn Pond",2
"Day Unfaithful",1
"Day Unfaithful",2
"Dazed Punk",1
"Dazed Punk",2
"Deceiver Betrayed",1
"Deceiver Betrayed",2
"Deep Crusade",1
"Deep Crusade",2
"Deer Virginian",1
"Deer Virginian",2
"Deliverance Mulholland",1
"Deliverance Mulholland",2
"Desert Poseidon",1
"Desert Poseidon",2
"Desire Alien",1
"Desire Alien",2
"Desperate Trainspotting",1
"Desperate Trainspotting",2
"Destination Jerk",1
"Destination Jerk",2
"Destiny Saturday",1
"Destiny Saturday",2
"Details Packer",1
"Details Packer",2
"Detective Vision",1
"Detective Vision",2
"Devil Desire",1
"Devil Desire",2
"Diary Panic",1
"Diary Panic",2
"Dinosaur Secretary",1
"Dinosaur Secretary",2
"Dirty Ace",1
"Dirty Ace",2
"Disciple Mother",1
"Disciple Mother",2
"Disturbing Scarface",1
"Disturbing Scarface",2
"Divide Monster",1
"Divide Monster",2
"Divine Resurrection",1
"Divine Resurrection",2
"Divorce Shining",1
"Divorce Shining",2
"Doctor Grail",1
"Doctor Grail",2
"Dogma Family",1
"Dogma Family",2
"Dolls Rage",1
"Dolls Rage",2
"Donnie Alley",1
"Donnie Alley",2
"Doom Dancing",1
"Doom Dancing",2
"Doors President",1
"Doors President",2
"Dorado Notting",1
"Dorado Notting",2
"Double Wrath",1
"Double Wrath",2
"Doubtfire Labyrinth",1
"Doubtfire Labyrinth",2
"Downhill Enough",1
"Downhill Enough",2
"Dozen Lion",1
"Dozen Lion",2
"Dracula Crystal",1
"Dracula Crystal",2
"Dragon Squad",1
"Dragon Squad",2
"Dragonfly Strangers",1
"Dragonfly Strangers",2
"Dream Pickup",1
"Dream Pickup",2
"Drifter Commandments",1
"Drifter Commandments",2
"Driver Annie",1
"Driver Annie",2
"Driving Polish",1
"Driving Polish",2
"Drop Waterfront",1
"Drop Waterfront",2
"Drumline Cyclone",1
"Drumline Cyclone",2
"Drums Dynamite",1
"Drums Dynamite",2
"Duck Racer",1
"Duck Racer",2
"Dude Blindness",1
"Dude Blindness",2
"Duffel Apocalypse",1
"Duffel Apocalypse",2
"Dumbo Lust",1
"Dumbo Lust",2
"Durham Panky",1
"Durham Panky",2
"Dwarfs Alter",1
"Dwarfs Alter",2
"Dynamite Tarzan",1
"Dynamite Tarzan",2
"Eagles Panky",1
"Eagles Panky",2
"Early Home",1
"Early Home",2
"Earring Instinct",1
"Earring Instinct",2
"Earth Vision",1
"Earth Vision",2
"Easy Gladiator",1
"Easy Gladiator",2
"Edge Kissing",1
"Edge Kissing",2
"Effect Gladiator",1
"Effect Gladiator",2
"Egg Igby",1
"Egg Igby",2
"Egypt Tenenbaums",1
"Egypt Tenenbaums",2
"Element Freddy",1
"Element Freddy",2
"Elephant Trojan",1
"Elephant Trojan",2
"Elf Murder",1
"Elf Murder",2
"Elizabeth Shane",1
"Elizabeth Shane",2
"Empire Malkovich",1
"Empire Malkovich",2
"Encino Elf",1
"Encino Elf",2
"Encounters Curtain",1
"Encounters Curtain",2
"Ending Crowds",1
"Ending Crowds",2
"Enemy Odds",1
"Enemy Odds",2
"English Bulworth",1
"English Bulworth",2
"Enough Raging",1
"Enough Raging",2
"Entrapment Satisfaction",1
"Entrapment Satisfaction",2
"Escape Metropolis",1
"Escape Metropolis",2
"Eve Resurrection",1
"Eve Resurrection",2
"Everyone Craft",1
"Everyone Craft",2
"Evolution Alter",1
"Evolution Alter",2
"Excitement Eve",1
"Excitement Eve",2
"Exorcist Sting",1
"Exorcist Sting",2
"Expecations Natural",1
"Expecations Natural",2
"Expendable Stallion",1
"Expendable Stallion",2
"Express Lonely",1
"Express Lonely",2
"Extraordinary Conquerer",1
"Extraordinary Conquerer",2
"Eyes Driving",1
"Eyes Driving",2
"Factory Dragon",1
"Factory Dragon",2
"Falcon Volume",1
"Falcon Volume",2
"Family Sweet",1
"Family Sweet",2
"Fantasia Park",1
"Fantasia Park",2
"Fantasy Troopers",1
"Fantasy Troopers",2
"Fargo Gandhi",1
"Fargo Gandhi",2
"Fatal Haunted",1
"Fatal Haunted",2
"Feathers Metal",1
"Feathers Metal",2
"Fellowship Autumn",1
"Fellowship Autumn",2
"Ferris Mother",1
"Ferris Mother",2
"Feud Frogmen",1
"Feud Frogmen",2
"Fever Empire",1
"Fever Empire",2
"Fiction Christmas",1
"Fiction Christmas",2
"Fiddler Lost",1
"Fiddler Lost",2
"Fidelity Devil",1
"Fidelity Devil",2
"Fight Jawbreaker",1
"Fight Jawbreaker",2
"Finding Anaconda",1
"Finding Anaconda",2
"Fire Wolves",1
"Fire Wolves",2
"Fireball Philadelphia",1
"Fireball Philadelphia",2
"Firehouse Vietnam",1
"Firehouse Vietnam",2
"Fish Opus",1
"Fish Opus",2
"Flamingos Connecticut",1
"Flamingos Connecticut",2
"Flash Wars",1
"Flash Wars",2
"Flatliners Killer",1
"Flatliners Killer",2
"Flight Lies",1
"Flight Lies",2
"Flintstones Happiness",1
"Flintstones Happiness",2
"Floats Garden",1
"Floats Garden",2
"Flying Hook",1
"Flying Hook",2
"Fool Mockingbird",1
"Fool Mockingbird",2
"Forever Candidate",1
"Forever Candidate",2
"Forrest Sons",1
"Forrest Sons",2
"Forrester Comancheros",1
"Forrester Comancheros",2
"Forward Temple",1
"Forward Temple",2
"Frankenstein Stranger",1
"Frankenstein Stranger",2
"Freaky Pocus",1
"Freaky Pocus",2
"Freddy Storm",1
"Freddy Storm",2
"Freedom Cleopatra",1
"Freedom Cleopatra",2
"French Holiday",1
"French Holiday",2
"Frida Slipper",1
"Frida Slipper",2
"Frisco Forrest",1
"Frisco Forrest",2
"Frogmen Breaking",1
"Frogmen Breaking",2
"Frontier Cabin",1
"Frontier Cabin",2
"Frost Head",1
"Frost Head",2
"Fugitive Maguire",1
"Fugitive Maguire",2
"Full Flatliners",1
"Full Flatliners",2
"Fury Murder",1
"Fury Murder",2
"Gables Metropolis",1
"Gables Metropolis",2
"Galaxy Sweethearts",1
"Galaxy Sweethearts",2
"Games Bowfinger",1
"Games Bowfinger",2
"Gandhi Kwai",1
"Gandhi Kwai",2
"Gangs Pride",1
"Gangs Pride",2
"Garden Island",1
"Garden Island",2
"Gaslight Crusade",1
"Gaslight Crusade",2
"Gathering Calendar",1
"Gathering Calendar",2
"Gentlemen Stage",1
"Gentlemen Stage",2
"Ghost Groundhog",1
"Ghost Groundhog",2
"Ghostbusters Elf",1
"Ghostbusters Elf",2
"Giant Troopers",1
"Giant Troopers",2
"Gilbert Pelican",1
"Gilbert Pelican",2
"Gilmore Boiled",1
"Gilmore Boiled",2
"Gladiator Westward",1
"Gladiator Westward",2
"Glass Dying",1
"Glass Dying",2
"Gleaming Jawbreaker",1
"Gleaming Jawbreaker",2
"Glory Tracy",1
"Glory Tracy",2
"Go Purple",1
"Go Purple",2
"Godfather Diary",1
"Godfather Diary",2
"Gold River",1
"Gold River",2
"Goldfinger Sensibility",1
"Goldfinger Sensibility",2
"Goldmine Tycoon",1
"Goldmine Tycoon",2
"Gone Trouble",1
"Gone Trouble",2
"Goodfellas Salute",1
"Goodfellas Salute",2
"Gorgeous Bingo",1
"Gorgeous Bingo",2
"Gosford Donnie",1
"Gosford Donnie",2
"Graceland Dynamite",1
"Graceland Dynamite",2
"Graduate Lord",1
"Graduate Lord",2
"Graffiti Love",1
"Graffiti Love",2
"Grail Frankenstein",1
"Grail Frankenstein",2
"Grapes Fury",1
"Grapes Fury",2
"Grease Youth",1
"Grease Youth",2
"Greatest North",1
"Greatest North",2
"Greedy Roots",1
"Greedy Roots",2
"Greek Everyone",1
"Greek Everyone",2
"Grinch Massage",1
"Grinch Massage",2
"Grit Clockwork",1
"Grit Clockwork",2
"Groove Fiction",1
"Groove Fiction",2
"Groundhog Uncut",1
"Groundhog Uncut",2
"Gump Date",1
"Gump Date",2
"Gun Bonnie",1
"Gun Bonnie",2
"Gunfight Moon",1
"Gunfight Moon",2
"Gunfighter Mussolini",1
"Gunfighter Mussolini",2
"Guys Falcon",1
"Guys Falcon",2
"Half Outfield",1
"Half Outfield",2
"Hall Cassidy",1
"Hall Cassidy",2
"Halloween Nuts",1
"Halloween Nuts",2
"Hamlet Wisdom",1
"Hamlet Wisdom",2
"Identity Lover",1
"Identity Lover",2
"Handicap Boondock",1
"Handicap Boondock",2
"Hanging Deep",1
"Hanging Deep",2
"Hanky October",1
"Hanky October",2
"Hanover Galaxy",1
"Hanover Galaxy",2
"Happiness United",1
"Happiness United",2
"Hardly Robbers",1
"Hardly Robbers",2
"Harold French",1
"Harold French",2
"Harper Dying",1
"Harper Dying",2
"Harry Idaho",1
"Harry Idaho",2
"Hate Handicap",1
"Hate Handicap",2
"Haunted Antitrust",1
"Haunted Antitrust",2
"Haunting Pianist",1
"Haunting Pianist",2
"Hawk Chill",1
"Hawk Chill",2
"Head Stranger",1
"Head Stranger",2
"Heartbreakers Bright",1
"Heartbreakers Bright",2
"Heaven Freedom",1
"Heaven Freedom",2
"Heavenly Gun",1
"Heavenly Gun",2
"Heavyweights Beast",1
"Heavyweights Beast",2
"Hedwig Alter",1
"Hedwig Alter",2
"Hellfighters Sierra",1
"Hellfighters Sierra",2
"High Encino",1
"High Encino",2
"Highball Potter",1
"Highball Potter",2
"Hills Neighbors",1
"Hills Neighbors",2
"Hobbit Alien",1
"Hobbit Alien",2
"Hocus Frida",1
"Hocus Frida",2
"Holes Brannigan",1
"Holes Brannigan",2
"Holiday Games",1
"Holiday Games",2
"Hollow Jeopardy",1
"Hollow Jeopardy",2
"Hollywood Anonymous",1
"Hollywood Anonymous",2
"Holocaust Highball",1
"Holocaust Highball",2
"Holy Tadpole",1
"Holy Tadpole",2
"Home Pity",1
"Home Pity",2
"Homeward Cider",1
"Homeward Cider",2
"Homicide Peach",1
"Homicide Peach",2
"Honey Ties",1
"Honey Ties",2
"Hook Chariots",1
"Hook Chariots",2
"Idols Snatchers",1
"Idols Snatchers",2
"Hoosiers Birdcage",1
"Hoosiers Birdcage",2
"Hope Tootsie",1
"Hope Tootsie",2
"Horn Working",1
"Horn Working",2
"Horror Reign",1
"Horror Reign",2
"Hotel Happiness",1
"Hotel Happiness",2
"Hours Rage",1
"Hours Rage",2
"House Dynamite",1
"House Dynamite",2
"Human Graffiti",1
"Human Graffiti",2
"Hunchback Impossible",1
"Hunchback Impossible",2
"Hunger Roof",1
"Hunger Roof",2
"Hunter Alter",1
"Hunter Alter",2
"Hunting Musketeers",1
"Hunting Musketeers",2
"Hurricane Affair",1
"Hurricane Affair",2
"Hustler Party",1
"Hustler Party",2
"Hyde Doctor",1
"Hyde Doctor",2
"Hysterical Grail",1
"Hysterical Grail",2
"Ice Crossing",1
"Ice Crossing",2
"Idaho Love",1
"Idaho Love",2
"Igby Maker",1
"Igby Maker",2
"Illusion Amelie",1
"Illusion Amelie",2
"Image Princess",1
"Image Princess",2
"Impact Aladdin",1
"Impact Aladdin",2
"Impossible Prejudice",1
"Impossible Prejudice",2
"Inch Jet",1
"Inch Jet",2
"Independence Hotel",1
"Independence Hotel",2
"Indian Love",1
"Indian Love",2
"Informer Double",1
"Informer Double",2
"Innocent Usual",1
"Innocent Usual",2
"Insects Stone",1
"Insects Stone",2
"Insider Arizona",1
"Insider Arizona",2
"Instinct Airport",1
"Instinct Airport",2
"Intentions Empire",1
"Intentions Empire",2
"Interview Liaisons",1
"Interview Liaisons",2
"Intolerable Intentions",1
"Intolerable Intentions",2
"Intrigue Worst",1
"Intrigue Worst",2
"Invasion Cyclone",1
"Invasion Cyclone",2
"Iron Moon",1
"Iron Moon",2
"Ishtar Rocketeer",1
"Ishtar Rocketeer",2
"Island Exorcist",1
"Island Exorcist",2
"Italian African",1
"Italian African",2
"Jacket Frisco",1
"Jacket Frisco",2
"Jade Bunch",1
"Jade Bunch",2
"Japanese Run",1
"Japanese Run",2
"Jason Trap",1
"Jason Trap",2
"Jawbreaker Brooklyn",1
"Jawbreaker Brooklyn",2
"Jaws Harry",1
"Jaws Harry",2
"Jedi Beneath",1
"Jedi Beneath",2
"Jeepers Wedding",1
"Jeepers Wedding",2
"Jekyll Frogmen",1
"Jekyll Frogmen",2
"Jeopardy Encino",1
"Jeopardy Encino",2
"Jericho Mulan",1
"Jericho Mulan",2
"Jerk Paycheck",1
"Jerk Paycheck",2
"Jersey Sassy",1
"Jersey Sassy",2
"Jet Neighbors",1
"Jet Neighbors",2
"Jingle Sagebrush",1
"Jingle Sagebrush",2
"Joon Northwest",1
"Joon Northwest",2
"Juggler Hardly",1
"Juggler Hardly",2
"Jumanji Blade",1
"Jumanji Blade",2
"Jumping Wrath",1
"Jumping Wrath",2
"Jungle Closer",1
"Jungle Closer",2
"Kane Exorcist",1
"Kane Exorcist",2
"Karate Moon",1
"Karate Moon",2
"Kentuckian Giant",1
"Kentuckian Giant",2
"Kick Savannah",1
"Kick Savannah",2
"Kill Brotherhood",1
"Kill Brotherhood",2
"Killer Innocent",1
"Killer Innocent",2
"King Evolution",1
"King Evolution",2
"Kiss Glory",1
"Kiss Glory",2
"Kissing Dolls",1
"Kissing Dolls",2
"Knock Warlock",1
"Knock Warlock",2
"Kramer Chocolate",1
"Kramer Chocolate",2
"Kwai Homeward",1
"Kwai Homeward",2
"Labyrinth League",1
"Labyrinth League",2
"Rush Goodfellas",1
"Rush Goodfellas",2
"Lady Stage",1
"Lady Stage",2
"Ladybugs Armageddon",1
"Ladybugs Armageddon",2
"Lambs Cincinatti",1
"Lambs Cincinatti",2
"Language Cowboy",1
"Language Cowboy",2
"Lawless Vision",1
"Lawless Vision",2
"Lawrence Love",1
"Lawrence Love",2
"League Hellfighters",1
"League Hellfighters",2
"Leathernecks Dwarfs",1
"Leathernecks Dwarfs",2
"Lebowski Soldiers",1
"Lebowski Soldiers",2
"Legally Secretary",1
"Legally Secretary",2
"Legend Jedi",1
"Legend Jedi",2
"Lesson Cleopatra",1
"Lesson Cleopatra",2
"Liaisons Sweet",1
"Liaisons Sweet",2
"Liberty Magnificent",1
"Liberty Magnificent",2
"License Weekend",1
"License Weekend",2
"Lies Treatment",1
"Lies Treatment",2
"Life Twisted",1
"Life Twisted",2
"Lights Deer",1
"Lights Deer",2
"Mars Roman",1
"Mars Roman",2
"Lion Uncut",1
"Lion Uncut",2
"Loathing Legally",1
"Loathing Legally",2
"Lock Rear",1
"Lock Rear",2
"Lola Agent",1
"Lola Agent",2
"Lolita World",1
"Lolita World",2
"Lonely Elephant",1
"Lonely Elephant",2
"Lord Arizona",1
"Lord Arizona",2
"Lose Inch",1
"Lose Inch",2
"Loser Hustler",1
"Loser Hustler",2
"Lost Bird",1
"Lost Bird",2
"Louisiana Harry",1
"Louisiana Harry",2
"Love Suicides",1
"Love Suicides",2
"Lovely Jingle",1
"Lovely Jingle",2
"Lover Truman",1
"Lover Truman",2
"Loverboy Attacks",1
"Loverboy Attacks",2
"Luck Opus",1
"Luck Opus",2
"Lucky Flying",1
"Lucky Flying",2
"Luke Mummy",1
"Luke Mummy",2
"Mask Peach",1
"Mask Peach",2
"Lust Lock",1
"Lust Lock",2
"Madigan Dorado",1
"Madigan Dorado",2
"Madison Trap",1
"Madison Trap",2
"Madness Attacks",1
"Madness Attacks",2
"Madre Gables",1
"Madre Gables",2
"Magic Mallrats",1
"Magic Mallrats",2
"Magnificent Chitty",1
"Magnificent Chitty",2
"Magnolia Forrester",1
"Magnolia Forrester",2
"Maguire Apache",1
"Maguire Apache",2
"Maiden Home",1
"Maiden Home",2
"Majestic Floats",1
"Majestic Floats",2
"Maker Gables",1
"Maker Gables",2
"Malkovich Pet",1
"Malkovich Pet",2
"Mallrats United",1
"Mallrats United",2
"Maltese Hope",1
"Maltese Hope",2
"Manchurian Curtain",1
"Manchurian Curtain",2
"Mannequin Worst",1
"Mannequin Worst",2
"Married Go",1
"Married Go",2
"Masked Bubble",1
"Masked Bubble",2
"Massacre Usual",1
"Massacre Usual",2
"Massage Image",1
"Massage Image",2
"Matrix Snowman",1
"Matrix Snowman",2
"Maude Mod",1
"Maude Mod",2
"Meet Chocolate",1
"Meet Chocolate",2
"Memento Zoolander",1
"Memento Zoolander",2
"Menagerie Rushmore",1
"Menagerie Rushmore",2
"Mermaid Insects",1
"Mermaid Insects",2
"Metal Armageddon",1
"Metal Armageddon",2
"Metropolis Coma",1
"Metropolis Coma",2
"Microcosmos Paradise",1
"Microcosmos Paradise",2
"Midnight Westward",1
"Midnight Westward",2
"Midsummer Groundhog",1
"Midsummer Groundhog",2
"Mighty Luck",1
"Mighty Luck",2
"Mile Mulan",1
"Mile Mulan",2
"Million Ace",1
"Million Ace",2
"Minds Truman",1
"Minds Truman",2
"Mine Titans",1
"Mine Titans",2
"Minority Kiss",1
"Minority Kiss",2
"Miracle Virtual",1
"Miracle Virtual",2
"Mission Zoolander",1
"Mission Zoolander",2
"Mixed Doors",1
"Mixed Doors",2
"Mob Duffel",1
"Mob Duffel",2
"Mockingbird Hollywood",1
"Mockingbird Hollywood",2
"Mod Secretary",1
"Mod Secretary",2
"Model Fish",1
"Model Fish",2
"Modern Dorado",1
"Modern Dorado",2
"Money Harold",1
"Money Harold",2
"Monsoon Cause",1
"Monsoon Cause",2
"Monster Spartacus",1
"Monster Spartacus",2
"Monterey Labyrinth",1
"Monterey Labyrinth",2
"Montezuma Command",1
"Montezuma Command",2
"Moon Bunch",1
"Moon Bunch",2
"Moonshine Cabin",1
"Moonshine Cabin",2
"Moonwalker Fool",1
"Moonwalker Fool",2
"Mosquito Armageddon",1
"Mosquito Armageddon",2
"Mother Oleander",1
"Mother Oleander",2
"Motions Details",1
"Motions Details",2
"Moulin Wake",1
"Moulin Wake",2
"Mourning Purple",1
"Mourning Purple",2
"Movie Shakespeare",1
"Movie Shakespeare",2
"Mulan Moon",1
"Mulan Moon",2
"Mulholland Beast",1
"Mulholland Beast",2
"Mummy Creatures",1
"Mummy Creatures",2
"Muppet Mile",1
"Muppet Mile",2
"Murder Antitrust",1
"Murder Antitrust",2
"Muscle Bright",1
"Muscle Bright",2
"Music Boondock",1
"Music Boondock",2
"Musketeers Wait",1
"Musketeers Wait",2
"Mussolini Spoilers",1
"Mussolini Spoilers",2
"Mystic Truman",1
"Mystic Truman",2
"Name Detective",1
"Name Detective",2
"Nash Chocolat",1
"Nash Chocolat",2
"National Story",1
"National Story",2
"Natural Stock",1
"Natural Stock",2
"Necklace Outbreak",1
"Necklace Outbreak",2
"Neighbors Charade",1
"Neighbors Charade",2
"Nemo Campus",1
"Nemo Campus",2
"Network Peak",1
"Network Peak",2
"Newsies Story",1
"Newsies Story",2
"Newton Labyrinth",1
"Newton Labyrinth",2
"Nightmare Chill",1
"Nightmare Chill",2
"None Spiking",1
"None Spiking",2
"Noon Papi",1
"Noon Papi",2
"North Tequila",1
"North Tequila",2
"Northwest Polish",1
"Northwest Polish",2
"Notorious Reunion",1
"Notorious Reunion",2
"Notting Speakeasy",1
"Notting Speakeasy",2
"Novocaine Flight",1
"Novocaine Flight",2
"Nuts Ties",1
"Nuts Ties",2
"October Submarine",1
"October Submarine",2
"Odds Boogie",1
"Odds Boogie",2
"Oklahoma Jumanji",1
"Oklahoma Jumanji",2
"Oleander Clue",1
"Oleander Clue",2
"Open African",1
"Open African",2
"Operation Operation",1
"Operation Operation",2
"Opposite Necklace",1
"Opposite Necklace",2
"Opus Ice",1
"Opus Ice",2
"Orange Grapes",1
"Orange Grapes",2
"Order Betrayed",1
"Order Betrayed",2
"Orient Closer",1
"Orient Closer",2
"Oscar Gold",1
"Oscar Gold",2
"Others Soup",1
"Others Soup",2
"Outbreak Divine",1
"Outbreak Divine",2
"Outfield Massacre",1
"Outfield Massacre",2
"Outlaw Hanky",1
"Outlaw Hanky",2
"Oz Liaisons",1
"Oz Liaisons",2
"Pacific Amistad",1
"Pacific Amistad",2
"Packer Madigan",1
"Packer Madigan",2
"Pajama Jawbreaker",1
"Pajama Jawbreaker",2
"Panic Club",1
"Panic Club",2
"Panky Submarine",1
"Panky Submarine",2
"Panther Reds",1
"Panther Reds",2
"Papi Necklace",1
"Papi Necklace",2
"Paradise Sabrina",1
"Paradise Sabrina",2
"Paris Weekend",1
"Paris Weekend",2
"Park Citizen",1
"Park Citizen",2
"Party Knock",1
"Party Knock",2
"Past Suicides",1
"Past Suicides",2
"Paths Control",1
"Paths Control",2
"Patient Sister",1
"Patient Sister",2
"Patriot Roman",1
"Patriot Roman",2
"Patton Interview",1
"Patton Interview",2
"Paycheck Wait",1
"Paycheck Wait",2
"Peach Innocent",1
"Peach Innocent",2
"Peak Forever",1
"Peak Forever",2
"Pearl Destiny",1
"Pearl Destiny",2
"Pelican Comforts",1
"Pelican Comforts",2
"Perdition Fargo",1
"Perdition Fargo",2
"Perfect Groove",1
"Perfect Groove",2
"Personal Ladybugs",1
"Personal Ladybugs",2
"Pet Haunting",1
"Pet Haunting",2
"Phantom Glory",1
"Phantom Glory",2
"Philadelphia Wife",1
"Philadelphia Wife",2
"Pianist Outfield",1
"Pianist Outfield",2
"Pickup Driving",1
"Pickup Driving",2
"Pilot Hoosiers",1
"Pilot Hoosiers",2
"Pinocchio Simon",1
"Pinocchio Simon",2
"Pirates Roxanne",1
"Pirates Roxanne",2
"Pittsburgh Hunchback",1
"Pittsburgh Hunchback",2
"Pity Bound",1
"Pity Bound",2
"Pizza Jumanji",1
"Pizza Jumanji",2
"Platoon Instinct",1
"Platoon Instinct",2
"Pluto Oleander",1
"Pluto Oleander",2
"Pocus Pulp",1
"Pocus Pulp",2
"Polish Brooklyn",1
"Polish Brooklyn",2
"Pollock Deliverance",1
"Pollock Deliverance",2
"Pond Seattle",1
"Pond Seattle",2
"Poseidon Forever",1
"Poseidon Forever",2
"Potluck Mixed",1
"Potluck Mixed",2
"Potter Connecticut",1
"Potter Connecticut",2
"Prejudice Oleander",1
"Prejudice Oleander",2
"President Bang",1
"President Bang",2
"Pride Alamo",1
"Pride Alamo",2
"Primary Glass",1
"Primary Glass",2
"Princess Giant",1
"Princess Giant",2
"Private Drop",1
"Private Drop",2
"Prix Undefeated",1
"Prix Undefeated",2
"Psycho Shrunk",1
"Psycho Shrunk",2
"Pulp Beverly",1
"Pulp Beverly",2
"Punk Divorce",1
"Punk Divorce",2
"Pure Runner",1
"Pure Runner",2
"Purple Movie",1
"Purple Movie",2
"Queen Luke",1
"Queen Luke",2
"Quest Mussolini",1
"Quest Mussolini",2
"Quills Bull",1
"Quills Bull",2
"Racer Egg",1
"Racer Egg",2
"Rage Games",1
"Rage Games",2
"Raging Airplane",1
"Raging Airplane",2
"Raiders Antitrust",1
"Raiders Antitrust",2
"Rainbow Shock",1
"Rainbow Shock",2
"Random Go",1
"Random Go",2
"Range Moonwalker",1
"Range Moonwalker",2
"Reap Unfaithful",1
"Reap Unfaithful",2
"Rear Trading",1
"Rear Trading",2
"Rebel Airport",1
"Rebel Airport",2
"Records Zorro",1
"Records Zorro",2
"Redemption Comforts",1
"Redemption Comforts",2
"Reds Pocus",1
"Reds Pocus",2
"Reef Salute",1
"Reef Salute",2
"Reign Gentlemen",1
"Reign Gentlemen",2
"Remember Diary",1
"Remember Diary",2
"Requiem Tycoon",1
"Requiem Tycoon",2
"Reservoir Adaptation",1
"Reservoir Adaptation",2
"Resurrection Silverado",1
"Resurrection Silverado",2
"Reunion Witches",1
"Reunion Witches",2
"Rider Caddyshack",1
"Rider Caddyshack",2
"Ridgemont Submarine",1
"Ridgemont Submarine",2
"Right Cranes",1
"Right Cranes",2
"Rings Heartbreakers",1
"Rings Heartbreakers",2
"River Outlaw",1
"River Outlaw",2
"Road Roxanne",1
"Road Roxanne",2
"Robbers Joon",1
"Robbers Joon",2
"Robbery Bright",1
"Robbery Bright",2
"Rock Instinct",1
"Rock Instinct",2
"Rocketeer Mother",1
"Rocketeer Mother",2
"Rocky War",1
"Rocky War",2
"Rollercoaster Bringing",1
"Rollercoaster Bringing",2
"Roman Punk",1
"Roman Punk",2
"Roof Champion",1
"Roof Champion",2
"Room Roman",1
"Room Roman",2
"Roots Remember",1
"Roots Remember",2
"Roses Treasure",1
"Roses Treasure",2
"Rouge Squad",1
"Rouge Squad",2
"Roxanne Rebel",1
"Roxanne Rebel",2
"Rugrats Shakespeare",1
"Rugrats Shakespeare",2
"Rules Human",1
"Rules Human",2
"Run Pacific",1
"Run Pacific",2
"Runaway Tenenbaums",1
"Runaway Tenenbaums",2
"Runner Madigan",1
"Runner Madigan",2
"Rushmore Mermaid",1
"Rushmore Mermaid",2
"Sabrina Midnight",1
"Sabrina Midnight",2
"Saddle Antitrust",1
"Saddle Antitrust",2
"Sagebrush Clueless",1
"Sagebrush Clueless",2
"Saints Bride",1
"Saints Bride",2
"Salute Apollo",1
"Salute Apollo",2
"Samurai Lion",1
"Samurai Lion",2
"Santa Paris",1
"Santa Paris",2
"Sassy Packer",1
"Sassy Packer",2
"Satisfaction Confidential",1
"Satisfaction Confidential",2
"Saturday Lambs",1
"Saturday Lambs",2
"Saturn Name",1
"Saturn Name",2
"Savannah Town",1
"Savannah Town",2
"Scalawag Duck",1
"Scalawag Duck",2
"Scarface Bang",1
"Scarface Bang",2
"School Jacket",1
"School Jacket",2
"Scissorhands Slums",1
"Scissorhands Slums",2
"Ship Wonderland",1
"Ship Wonderland",2
"Scorpion Apollo",1
"Scorpion Apollo",2
"Sea Virgin",1
"Sea Virgin",2
"Seabiscuit Punk",1
"Seabiscuit Punk",2
"Searchers Wait",1
"Searchers Wait",2
"Seattle Expecations",1
"Seattle Expecations",2
"Secret Groundhog",1
"Secret Groundhog",2
"Secretary Rouge",1
"Secretary Rouge",2
"Secrets Paradise",1
"Secrets Paradise",2
"Sense Greek",1
"Sense Greek",2
"Sensibility Rear",1
"Sensibility Rear",2
"Seven Swarm",1
"Seven Swarm",2
"Shakespeare Saddle",1
"Shakespeare Saddle",2
"Shane Darkness",1
"Shane Darkness",2
"Shanghai Tycoon",1
"Shanghai Tycoon",2
"Shawshank Bubble",1
"Shawshank Bubble",2
"Shepherd Midsummer",1
"Shepherd Midsummer",2
"Shining Roses",1
"Shining Roses",2
"Shock Cabin",1
"Shock Cabin",2
"Shootist Superfly",1
"Shootist Superfly",2
"Show Lord",1
"Show Lord",2
"Shrek License",1
"Shrek License",2
"Shrunk Divine",1
"Shrunk Divine",2
"Side Ark",1
"Side Ark",2
"Siege Madre",1
"Siege Madre",2
"Sierra Divide",1
"Sierra Divide",2
"Silence Kane",1
"Silence Kane",2
"Silverado Goldfinger",1
"Silverado Goldfinger",2
"Simon North",1
"Simon North",2
"Sinners Atlantis",1
"Sinners Atlantis",2
"Sister Freddy",1
"Sister Freddy",2
"Sky Miracle",1
"Sky Miracle",2
"Slacker Liaisons",1
"Slacker Liaisons",2
"Sleeping Suspects",1
"Sleeping Suspects",2
"Sleepless Monsoon",1
"Sleepless Monsoon",2
"Sleepy Japanese",1
"Sleepy Japanese",2
"Sleuth Orient",1
"Sleuth Orient",2
"Sling Luke",1
"Sling Luke",2
"Slipper Fidelity",1
"Slipper Fidelity",2
"Slums Duck",1
"Slums Duck",2
"Smile Earring",1
"Smile Earring",2
"Smoking Barbarella",1
"Smoking Barbarella",2
"Smoochy Control",1
"Smoochy Control",2
"Snatch Slipper",1
"Snatch Slipper",2
"Snatchers Montezuma",1
"Snatchers Montezuma",2
"Snowman Rollercoaster",1
"Snowman Rollercoaster",2
"Soldiers Evolution",1
"Soldiers Evolution",2
"Something Duck",1
"Something Duck",2
"Song Hedwig",1
"Song Hedwig",2
"Sons Interview",1
"Sons Interview",2
"Sorority Queen",1
"Sorority Queen",2
"Soup Wisdom",1
"Soup Wisdom",2
"South Wait",1
"South Wait",2
"Spartacus Cheaper",1
"Spartacus Cheaper",2
"Speakeasy Date",1
"Speakeasy Date",2
"Speed Suit",1
"Speed Suit",2
"Spice Sorority",1
"Spice Sorority",2
"Spiking Element",1
"Spiking Element",2
"Spinal Rocky",1
"Spinal Rocky",2
"Spirit Flintstones",1
"Spirit Flintstones",2
"Spirited Casualties",1
"Spirited Casualties",2
"Splash Gump",1
"Splash Gump",2
"Splendor Patton",1
"Splendor Patton",2
"Spoilers Hellfighters",1
"Spoilers Hellfighters",2
"Spy Mile",1
"Spy Mile",2
"Squad Fish",1
"Squad Fish",2
"Stage World",1
"Stage World",2
"Stagecoach Armageddon",1
"Stagecoach Armageddon",2
"Stallion Sundance",1
"Stallion Sundance",2
"Stampede Disturbing",1
"Stampede Disturbing",2
"Star Operation",1
"Star Operation",2
"State Wasteland",1
"State Wasteland",2
"Steel Santa",1
"Steel Santa",2
"Steers Armageddon",1
"Steers Armageddon",2
"Stepmom Dream",1
"Stepmom Dream",2
"Sting Personal",1
"Sting Personal",2
"Stock Glass",1
"Stock Glass",2
"Stone Fire",1
"Stone Fire",2
"Storm Happiness",1
"Storm Happiness",2
"Story Side",1
"Story Side",2
"Straight Hours",1
"Straight Hours",2
"Strangelove Desire",1
"Strangelove Desire",2
"Stranger Strangers",1
"Stranger Strangers",2
"Tights Dawn",1
"Tights Dawn",2
"Strangers Graffiti",1
"Strangers Graffiti",2
"Streak Ridgemont",1
"Streak Ridgemont",2
"Streetcar Intentions",1
"Streetcar Intentions",2
"Strictly Scarface",1
"Strictly Scarface",2
"Submarine Bed",1
"Submarine Bed",2
"Sugar Wonka",1
"Sugar Wonka",2
"Suicides Silence",1
"Suicides Silence",2
"Suit Walls",1
"Suit Walls",2
"Summer Scarface",1
"Summer Scarface",2
"Sun Confessions",1
"Sun Confessions",2
"Sundance Invasion",1
"Sundance Invasion",2
"Sunrise League",1
"Sunrise League",2
"Sunset Racer",1
"Sunset Racer",2
"Super Wyoming",1
"Super Wyoming",2
"Superfly Trip",1
"Superfly Trip",2
"Suspects Quills",1
"Suspects Quills",2
"Swarm Gold",1
"Swarm Gold",2
"Sweden Shining",1
"Sweden Shining",2
"Timberland Sky",1
"Timberland Sky",2
"Sweet Brotherhood",1
"Sweet Brotherhood",2
"Sweethearts Suspects",1
"Sweethearts Suspects",2
"Tadpole Park",1
"Tadpole Park",2
"Talented Homicide",1
"Talented Homicide",2
"Tarzan Videotape",1
"Tarzan Videotape",2
"Taxi Kick",1
"Taxi Kick",2
"Teen Apollo",1
"Teen Apollo",2
"Telegraph Voyage",1
"Telegraph Voyage",2
"Telemark Heartbreakers",1
"Telemark Heartbreakers",2
"Temple Attraction",1
"Temple Attraction",2
"Tenenbaums Command",1
"Tenenbaums Command",2
"Tequila Past",1
"Tequila Past",2
"Terminator Club",1
"Terminator Club",2
"Texas Watch",1
"Texas Watch",2
"Theory Mermaid",1
"Theory Mermaid",2
"Thief Pelican",1
"Thief Pelican",2
"Thin Sagebrush",1
"Thin Sagebrush",2
"Ties Hunger",1
"Ties Hunger",2
"Titanic Boondock",1
"Titanic Boondock",2
"Titans Jerk",1
"Titans Jerk",2
"Tomatoes Hellfighters",1
"Tomatoes Hellfighters",2
"Tomorrow Hustler",1
"Tomorrow Hustler",2
"Tootsie Pilot",1
"Tootsie Pilot",2
"Torque Bound",1
"Torque Bound",2
"Tourist Pelican",1
"Tourist Pelican",2
"Towers Hurricane",1
"Towers Hurricane",2
"Town Ark",1
"Town Ark",2
"Tracy Cider",1
"Tracy Cider",2
"Trading Pinocchio",1
"Trading Pinocchio",2
"Traffic Hobbit",1
"Traffic Hobbit",2
"Train Bunch",1
"Train Bunch",2
"Trainspotting Strangers",1
"Trainspotting Strangers",2
"Tramp Others",1
"Tramp Others",2
"Translation Summer",1
"Translation Summer",2
"Trap Guys",1
"Trap Guys",2
"Treasure Command",1
"Treasure Command",2
"Treatment Jekyll",1
"Treatment Jekyll",2
"Trip Newton",1
"Trip Newton",2
"Trojan Tomorrow",1
"Trojan Tomorrow",2
"Troopers Metal",1
"Troopers Metal",2
"Trouble Date",1
"Trouble Date",2
"Truman Crazy",1
"Truman Crazy",2
"Turn Star",1
"Turn Star",2
"Tuxedo Mile",1
"Tuxedo Mile",2
"Twisted Pirates",1
"Twisted Pirates",2
"Tycoon Gathering",1
"Tycoon Gathering",2
"Unbreakable Karate",1
"Unbreakable Karate",2
"Uncut Suicides",1
"Uncut Suicides",2
"Undefeated Dalmations",1
"Undefeated Dalmations",2
"Unfaithful Kill",1
"Unfaithful Kill",2
"Unforgiven Zoolander",1
"Unforgiven Zoolander",2
"United Pilot",1
"United Pilot",2
"Untouchables Sunrise",1
"Untouchables Sunrise",2
"Uprising Uptown",1
"Uprising Uptown",2
"Uptown Young",1
"Uptown Young",2
"Usual Untouchables",1
"Usual Untouchables",2
"Vacation Boondock",1
"Vacation Boondock",2
"Valentine Vanishing",1
"Valentine Vanishing",2
"Valley Packer",1
"Valley Packer",2
"Vampire Whale",1
"Vampire Whale",2
"Vanilla Day",1
"Vanilla Day",2
"Vanished Garden",1
"Vanished Garden",2
"Vanishing Rocky",1
"Vanishing Rocky",2
"Varsity Trip",1
"Varsity Trip",2
"Velvet Terminator",1
"Velvet Terminator",2
"Vertigo Northwest",1
"Vertigo Northwest",2
"Victory Academy",1
"Victory Academy",2
"Videotape Arsenic",1
"Videotape Arsenic",2
"Vietnam Smoochy",1
"Vietnam Smoochy",2
"Villain Desperate",1
"Villain Desperate",2
"Virgin Daisy",1
"Virgin Daisy",2
"Virginian Pluto",1
"Virginian Pluto",2
"Virtual Spoilers",1
"Virtual Spoilers",2
"Vision Torque",1
"Vision Torque",2
"Voice Peach",1
"Voice Peach",2
"Volcano Texas",1
"Volcano Texas",2
"Volume House",1
"Volume House",2
"Voyage Legally",1
"Voyage Legally",2
"Wagon Jaws",1
"Wagon Jaws",2
"Wait Cider",1
"Wait Cider",2
"Wake Jaws",1
"Wake Jaws",2
"Walls Artist",1
"Walls Artist",2
"Wanda Chamber",1
"Wanda Chamber",2
"War Notting",1
"War Notting",2
"Wardrobe Phantom",1
"Wardrobe Phantom",2
"Warlock Werewolf",1
"Warlock Werewolf",2
"Wars Pluto",1
"Wars Pluto",2
"Wash Heavenly",1
"Wash Heavenly",2
"Wasteland Divine",1
"Wasteland Divine",2
"Watch Tracy",1
"Watch Tracy",2
"Waterfront Deliverance",1
"Waterfront Deliverance",2
"Watership Frontier",1
"Watership Frontier",2
"Wedding Apollo",1
"Wedding Apollo",2
"Weekend Personal",1
"Weekend Personal",2
"Werewolf Lola",1
"Werewolf Lola",2
"West Lion",1
"West Lion",2
"Westward Seabiscuit",1
"Westward Seabiscuit",2
"Whale Bikini",1
"Whale Bikini",2
"Whisperer Giant",1
"Whisperer Giant",2
"Wife Turn",1
"Wife Turn",2
"Wild Apollo",1
"Wild Apollo",2
"Willow Tracy",1
"Willow Tracy",2
"Wind Phantom",1
"Wind Phantom",2
"Window Side",1
"Window Side",2
"Wisdom Worker",1
"Wisdom Worker",2
"Witches Panic",1
"Witches Panic",2
"Wizard Coldblooded",1
"Wizard Coldblooded",2
"Wolves Desire",1
"Wolves Desire",2
"Women Dorado",1
"Women Dorado",2
"Won Dares",1
"Won Dares",2
"Wonderful Drop",1
"Wonderful Drop",2
"Wonderland Christmas",1
"Wonderland Christmas",2
"Wonka Sea",1
"Wonka Sea",2
"Words Hunter",1
"Words Hunter",2
"Worker Tarzan",1
"Worker Tarzan",2
"Working Microcosmos",1
"Working Microcosmos",2
"World Leathernecks",1
"World Leathernecks",2
"Worst Banger",1
"Worst Banger",2
"Wrath Mile",1
"Wrath Mile",2
"Wrong Behavior",1
"Wrong Behavior",2
"Wyoming Storm",1
"Wyoming Storm",2
"Yentl Idaho",1
"Yentl Idaho",2
"Young Language",1
"Young Language",2
"Youth Kick",1
"Youth Kick",2
"Zhivago Core",1
"Zhivago Core",2
"Zoolander Fiction",1
"Zoolander Fiction",2
"Zorro Ark",1
"Zorro Ark",2
